issue,word,pages,count
61,abertillery,9,1
61,aborigines,5,1
61,adjoining,8,2
61,aeroplanes,7,1
61,afghan,2,1
61,african,4,1
61,aircraft,3,1
61,albert,5,1
61,aluminium,2,1
61,america,"3,7",2
61,american,4,1
61,andrew,"2,3,4",4
61,anniversary,4,1
61,archive,10,2
61,archivist,4,1
61,armstrong,3,1
61,arnold,10,1
61,ashby,6,1
61,ashley,6,1
61,auction,"3,10",6
61,auctioned,10,1
61,auctioneers,10,1
61,auctions,10,2
61,august,5,1
61,australia,5,1
61,baker,"2,3",2
61,baptist,"5,6",2
61,barbara,10,1
61,barrie,"3,5",5
61,basset,4,1
61,battleship,2,1
61,bawtree,6,1
61,bazaars,7,1
61,bedfordshire,3,1
61,bekkering,"2,3",2
61,benevolent,"1,3",2
61,bertram,9,1
61,bicester,10,1
61,blotting,7,1
61,boxill,8,1
61,brian,"4,10",4
61,british,6,2
61,camera,3,1
61,cameroons,5,1
61,cardboard,6,1
61,carolyn,6,1
61,catchy,6,1
61,census,5,1
61,century,"5,6,9",4
61,certificate,4,1
61,chapel,5,2
61,chichester,10,1
61,christmas,7,2
61,cinematographers,6,1
61,circus,9,4
61,collection,"3,4,10",9
61,collectors,"4,9,10",3
61,compasses,8,1
61,condor,10,1
61,confraternity,"1,3",2
61,constables,7,1
61,constitution,"3,4",4
61,contactable,"3,4",2
61,convenor,4,1
61,convention,4,1
61,convoyed,2,1
61,cooper,"4,7,8",3
61,cornwall,6,2
61,craze,7,1
61,crufts,4,2
61,cutter,9,1
61,cutters,6,7
61,daunter,9,1
61,david,"3,4,6",3
61,decade,6,1
61,devon,"5,6",3
61,dissected,5,1
61,dissections,5,1
61,dissectologists,"1,3,5,10",4
61,dissectology,5,1
61,dissector,5,1
61,duplicate,8,1
61,dutch,3,1
61,dynasty,5,1
61,educational,10,2
61,edward,"5,10",6
61,elizabethan,"2,3",2
61,emblem,5,1
61,enclosed,6,1
61,england,"4,10",3
61,english,"5,10",3
61,ensign,3,1
61,evenly,7,1
61,everton,10,1
61,examination,3,1
61,exeter,6,2
61,extension,6,1
61,factories,9,1
61,falcon,10,1
61,flanked,5,1
61,fluid,7,1
61,frayed,8,1
61,freehand,8,1
61,fretsaw,"7,9",2
61,fretwork,8,1
61,fretworker,8,1
61,frontal,5,1
61,frost,"2,4",2
61,fruit,3,1
61,fulfilling,5,1
61,geert,"2,3",4
61,george,6,1
61,grain,7,1
61,grange,10,1
61,gratitude,4,1
61,griffon,4,1
61,gwent,9,1
61,hannas,5,1
61,harlow,10,1
61,hawke,6,2
61,hobbies,"7,8",5
61,hobby,6,1
61,hoovers,6,1
61,hudson,"3,5",2
61,humble,9,1
61,identity,5,1
61,illustration,8,1
61,inscribed,5,1
61,interlocking,"8,9",2
61,islington,5,1
61,james,5,2
61,jethard,4,1
61,jewellery,3,1
61,jones,"2,3",3
61,kathleen,6,2
61,kershaw,"2,3,4",4
61,libraries,6,1
61,library,6,4
61,lincoln,3,1
61,linda,5,1
61,litter,4,1
61,london,5,3
61,lymington,10,2
61,maker,"5,6",2
61,makers,10,3
61,manufacturer,"5,9",2
61,manufacturers,"5,10",4
61,marjorie,10,1
61,martland,4,1
61,melling,"2,3,4,10",5
61,memorabilia,9,1
61,mercy,2,1
61,method,8,1
61,michael,10,1
61,middlestorb,10,1
61,mission,5,1
61,missionary,5,1
61,motif,5,2
61,motto,5,1
61,murphy,10,2
61,naval,"2,3",2
61,netherlands,"2,3",3
61,newspaper,6,1
61,outline,8,3
61,outlines,8,1
61,palace,6,1
61,pastime,7,1
61,pastimes,7,1
61,paula,"2,4",3
61,peacock,"2,3,5",18
61,peacocks,5,2
61,pencil,8,3
61,penny,"2,3,4,10",5
61,philip,10,1
61,plywood,"7,8",5
61,possession,10,1
61,postcard,7,1
61,preparation,10,1
61,preview,10,1
61,profile,5,1
61,prolific,5,1
61,promotional,10,1
61,proprietors,6,1
61,ravensburger,4,1
61,reader,7,1
61,rectangular,7,1
61,resultant,8,1
61,reynolds,"2,4",2
61,richard,4,2
61,rutherford,6,1
61,saffron,10,1
61,salesman,9,1
61,sandpaper,"7,8",2
61,sawdust,7,1
61,sawman,4,1
61,scene,"2,6",2
61,scenes,"2,3,7",3
61,series,"2,9",3
61,simply,8,1
61,solution,7,1
61,specialising,5,1
61,specialist,4,1
61,spencer,5,1
61,stanfield,10,1
61,stationer,9,1
61,steadily,3,1
61,stotfold,"3,5,6",4
61,stvle,8,1
61,supplier,10,1
61,suppliers,10,1
61,surplus,4,1
61,surrounding,6,1
61,sutton,6,1
61,sweepers,"2,6",2
61,tacey,10,1
61,tales,10,1
61,taunton,5,1
61,technique,9,1
61,terry,9,1
61,theatre,10,1
61,themed,3,1
61,thinly,7,1
61,topical,7,1
61,trouser,6,1
61,truro,6,1
61,tyler,"2,4,6,10",5
61,upside,8,1
61,valley,"5,10",2
61,variety,7,1
61,vendeen,4,1
61,victory,"4,10",2
61,waddington,"3,4,10",3
61,waddingtons,2,1
61,walden,10,1
61,wealth,5,1
61,wendy,4,1
61,whilst,7,1
61,whippet,"2,4",2
61,whitworth,3,1
61,william,5,3
61,williams,"2,3,4,6",5
61,woollies,6,1
61,worker,"8,9",3
61,workers,9,1
66,acrobatic,7,1
66,adventurous,7,1
66,aileen,10,1
66,alice,3,1
66,allen,2,1
66,allenburys,3,1
66,allowance,4,1
66,alphabet,3,1
66,america,"1,9",3
66,american,9,4
66,andrew,"3,9",3
66,antarctic,4,1
66,antarctica,1,1
66,anthropomorphic,4,1
66,antipodes,8,1
66,approximately,8,1
66,armstrong,9,2
66,arrangement,7,1
66,artefacts,9,1
66,artwork,7,1
66,ascot,10,1
66,aspects,9,1
66,assemblies,5,1
66,association,9,1
66,atlantic,9,1
66,attic,"7,9",3
66,august,4,1
66,autumn,3,1
66,barrie,3,1
66,barry,9,1
66,basingstoke,6,1
66,beffa,10,1
66,belvedere,10,1
66,benevolent,1,1
66,bessie,10,1
66,bishop,1,1
66,bishops,3,1
66,blister,8,2
66,bloch,10,1
66,boulevard,8,1
66,brenda,3,1
66,brian,"4,7,10",4
66,british,"4,5,6,7,9",7
66,bruce,10,1
66,cairn,9,1
66,camberley,3,1
66,cappitello,9,1
66,captions,6,1
66,cardboard,"2,3,4,8",5
66,carpenter,4,2
66,cartoon,3,1
66,carved,9,1
66,cathedral,6,1
66,century,3,1
66,chapters,6,1
66,childhood,3,1
66,chris,4,1
66,christa,10,1
66,christchurch,"7,8",5
66,christmas,"6,9",4
66,chromolithographed,3,1
66,cinemas,8,1
66,cirencester,1,1
66,clarendon,5,1
66,closure,3,1
66,collection,"3,4,8,9,10",9
66,collectors,9,1
66,combination,3,1
66,companion,3,1
66,computer,6,1
66,conference,8,1
66,confraternity,1,1
66,constructional,7,1
66,constructions,7,1
66,contained,"8,9",2
66,cooper,"5,6",2
66,coopers,10,1
66,coronation,3,1
66,corsair,8,1
66,cottage,7,1
66,crafting,8,1
66,craftsmanship,8,1
66,craftsmen,7,1
66,crest,9,1
66,cupboard,7,1
66,cutter,"3,6,7",3
66,cutters,"3,7,9",5
66,dalgety,7,1
66,darton,4,1
66,david,"1,3,4,5,10",10
66,delhi,4,1
66,dentistry,3,1
66,depicted,3,1
66,designated,9,1
66,desirable,3,1
66,destination,3,1
66,devon,7,1
66,difficulty,5,1
66,dimensional,8,1
66,dissected,3,1
66,dissection,4,2
66,dissections,"3,4",2
66,dissectologists,1,1
66,dollycot,3,1
66,dozen,10,1
66,dragonsland,"2,3",3
66,durbar,4,1
66,dutton,3,1
66,eared,8,1
66,education,8,1
66,educational,3,1
66,edward,"3,4,10",4
66,edwardian,3,1
66,eileen,10,3
66,elephant,5,2
66,english,4,1
66,equipment,8,1
66,esoteric,9,1
66,facade,9,1
66,february,10,1
66,fiendish,7,1
66,fiendishly,"3,5",2
66,fireplaces,9,1
66,fosse,1,1
66,fragile,8,1
66,france,10,1
66,fretwork,6,1
66,fuselage,8,1
66,galleries,8,2
66,gamer,6,1
66,garlick,10,1
66,gateway,6,2
66,generation,3,1
66,george,4,1
66,gerald,7,4
66,gerrish,10,1
66,gibsons,6,1
66,gloucestershire,4,1
66,gobbledeygook,6,1
66,goodies,4,1
66,gotch,10,1
66,gothic,9,1
66,graham,4,1
66,grained,8,1
66,gramercy,9,1
66,grammar,7,1
66,grandmother,9,1
66,greenfield,4,1
66,habit,7,1
66,hallsgrove,6,1
66,hampshire,1,1
66,hanburys,2,1
66,handiwork,7,1
66,hanham,3,2
66,hannas,8,1
66,harbury,1,3
66,hardboard,5,1
66,hardee,8,1
66,harper,7,1
66,harrod,10,1
66,haven,5,1
66,hayter,7,4
66,henham,4,1
66,herne,5,1
66,hertfordshire,3,1
66,historic,9,1
66,hobbies,6,2
66,hobby,6,1
66,holloway,7,1
66,honiton,7,1
66,hovering,8,1
66,hudson,3,2
66,hurricane,8,1
66,illustrations,6,1
66,infants,3,1
66,inspection,1,1
66,interchangeable,7,1
66,interlocked,8,1
66,interlocking,8,1
66,internally,9,1
66,ipswich,4,1
66,island,8,1
66,islands,5,1
66,italian,9,1
66,james,7,3
66,jenny,3,2
66,jumbo,5,1
66,junction,1,1
66,keith,"3,4",2
66,keynes,4,1
66,kitty,8,1
66,lambeth,3,1
66,landmark,9,1
66,leicester,"1,4",2
66,lewis,10,1
66,library,"5,6",3
66,linda,8,1
66,london,"4,6,7",3
66,lovett,10,1
66,ltchington,1,1
66,maidens,3,1
66,mainland,4,1
66,makers,7,3
66,malcolm,6,3
66,mammoth,4,1
66,mansion,9,1
66,manufacturers,"4,6",2
66,martin,4,1
66,martland,8,1
66,marty,10,1
66,mathematics,8,1
66,melling,"1,3,9",3
66,meteorologist,4,1
66,michael,10,1
66,milton,4,1
66,monogram,9,1
66,motto,3,1
66,museum,"7,8",2
66,negrini,10,1
66,netherlands,1,1
66,newent,4,1
66,novelty,7,1
66,november,1,2
66,numerous,7,1
66,organisation,4,1
66,ornamentation,9,1
66,outlet,8,1
66,outlets,8,1
66,overton,1,1
66,packet,4,1
66,parade,1,2
66,parley,9,4
66,parsonage,5,1
66,peacock,3,4
66,pears,3,1
66,penny,"1,3,4,9",5
66,personalised,9,1
66,persuasion,6,1
66,photos,8,1
66,picturesque,3,1
66,piecework,7,1
66,possessor,7,1
66,postcard,5,1
66,posterity,7,1
66,prendergast,10,1
66,prince,10,2
66,production,"3,5",2
66,promotional,"2,3,6",4
66,proprietor,7,1
66,publisher,6,1
66,puzzlers,"1,3",2
66,queen,"3,10",2
66,rachel,"2,3",2
66,raphael,3,1
66,regime,4,1
66,regional,9,1
66,reoriented,5,1
66,replacement,8,1
66,restaurants,8,1
66,reynolds,9,1
66,roger,10,1
66,rosemary,"3,10",3
66,royalty,3,1
66,royce,9,1
66,rugby,1,1
66,rushmere,3,1
66,russell,10,1
66,sally,4,1
66,sandringham,10,1
66,sandstone,9,1
66,scenes,6,1
66,schofield,3,2
66,scotland,4,1
66,scottish,4,1
66,seahorse,9,2
66,sector,1,1
66,september,"3,4,9",3
66,shearer,"3,5",2
66,shield,9,1
66,signature,9,2
66,silhouettes,9,1
66,silvia,9,1
66,simpson,9,1
66,skill,3,1
66,skills,3,1
66,southington,1,1
66,sovereigns,4,1
66,specialises,8,1
66,speciality,8,1
66,spiller,10,1
66,spiral,7,1
66,spitfire,8,1
66,stack,7,1
66,stained,9,1
66,steven,3,1
66,stortford,3,1
66,studios,8,1
66,summit,10,1
66,surplus,4,1
66,susannah,5,1
66,sydney,9,1
66,taylor,3,1
66,teape,6,1
66,technique,9,1
66,techniques,9,2
66,tennis,7,1
66,terriers,9,1
66,theatres,8,1
66,theme,"1,3,4",3
66,themed,"3,4",2
66,thornton,10,1
66,tilden,9,1
66,tiverton,6,1
66,toymaker,7,1
66,toyzinit,7,4
66,trademark,6,1
66,treadle,"6,7",2
66,trelawne,1,1
66,tricky,5,1
66,trowbridge,10,1
66,twirl,3,1
66,tyler,"1,3,6,7,8",6
66,underside,3,1
66,unfinished,3,1
66,valley,"2,3,6,8",6
66,variety,4,2
66,versatile,7,1
66,vicarage,1,1
66,victorian,3,1
66,victory,"3,7",5
66,vikings,5,2
66,waddingtons,4,1
66,wallis,"9,10",3
66,walter,10,1
66,wartime,1,1
66,warwickshire,1,1
66,watchful,9,1
66,weber,10,1
66,website,5,1
66,wentworth,6,1
66,whimsies,7,1
66,whitehill,10,1
66,widmer,10,1
66,wiggins,6,1
66,wight,4,1
66,williams,"9,10",2
66,windsor,9,2
66,winslow,10,1
66,wonderland,3,1
66,woodcock,3,2
66,worcester,8,1
66,workshop,8,1
66,zealand,"1,8",3
70,about,"3,4,6,7,8,9",9
70,academy,8,1
70,accepting,4,1
70,according,9,1
70,ackermann,10,1
70,acquainted,10,1
70,across,6,1
70,active,5,1
70,activity,4,1
70,actually,8,1
70,addingtons,7,1
70,admire,10,1
70,advance,"1,5",2
70,advantage,5,1
70,after,"4,5,7,8,9",7
70,again,"3,4,6,8",6
70,aldin,4,1
70,alice,6,1
70,almost,10,1
70,along,"3,4",4
70,alongside,10,1
70,already,"3,4,5,9",4
70,although,"4,10",4
70,always,"3,4,5,6",4
70,american,8,2
70,among,10,1
70,amongst,3,3
70,andrew,"2,3,5",4
70,anglia,3,1
70,another,"3,4,6,9",6
70,antarctic,4,1
70,anyone,"4,7",2
70,anything,4,1
70,apologise,8,1
70,apparently,8,1
70,appealed,10,1
70,appear,8,1
70,appreciation,3,1
70,aprons,4,1
70,aquatint,10,1
70,archived,5,1
70,areas,"7,10",2
70,argument,8,1
70,around,"5,8,10",5
70,arranged,5,1
70,arrangements,5,1
70,arresting,9,1
70,arrived,9,1
70,artist,7,1
70,artists,"4,10",2
70,asked,6,1
70,aspects,"4,5",2
70,assembled,"3,6",3
70,assembling,5,1
70,assertion,8,1
70,assist,10,1
70,associate,10,1
70,assume,7,1
70,atlantic,8,1
70,atlas,8,1
70,attempt,8,1
70,attempted,8,1
70,attend,4,1
70,attended,4,1
70,attending,"3,4",2
70,attractive,6,1
70,auction,9,1
70,august,"5,8",2
70,author,8,1
70,available,"1,4,5,9",5
70,awaited,10,1
70,aware,10,2
70,balance,4,1
70,banished,9,1
70,baptist,9,1
70,bargains,5,1
70,barrie,"3,6,9",5
70,baruch,10,1
70,based,"7,8,9",3
70,bathing,2,1
70,battledores,8,1
70,beach,10,1
70,beaumont,"8,9",3
70,beautifully,3,1
70,became,"7,10",5
70,because,"5,9",3
70,bedford,10,1
70,before,"4,6,7,8,9,10",9
70,began,10,1
70,beginnings,10,1
70,behalf,8,1
70,behind,10,1
70,being,"8,10",2
70,bekkering,3,1
70,benches,10,1
70,bends,10,1
70,bennett,3,1
70,between,"4,10",2
70,bigger,7,1
70,billiard,10,2
70,binder,7,1
70,biographical,9,1
70,birthday,6,1
70,booking,1,1
70,books,10,2
70,bookshelf,9,1
70,booming,10,1
70,bottles,7,1
70,bought,8,3
70,boxed,8,1
70,boxes,"3,4,5,6",5
70,boxful,3,1
70,bracknell,4,1
70,break,6,1
70,brick,1,1
70,bright,7,1
70,bring,"1,3",2
70,british,"6,7",2
70,broken,5,1
70,bromsgrove,1,1
70,brought,"3,4",2
70,brtsh,6,1
70,building,"1,4,10",4
70,buildings,"5,10",2
70,built,10,1
70,bumper,5,1
70,buried,9,1
70,business,"6,7,10",6
70,cabinet,"8,9",5
70,cabinets,8,2
70,cakes,1,1
70,calendar,4,1
70,called,10,1
70,cannot,"8,9",2
70,canterbury,6,2
70,cardboard,"3,6",4
70,carton,"3,6,7",9
70,cartons,"6,7",4
70,cartoon,2,1
70,cartoons,4,1
70,catch,7,1
70,catching,3,1
70,catering,1,1
70,caveat,6,1
70,cecil,4,1
70,central,10,1
70,centre,10,1
70,centuries,"8,10",2
70,century,"6,7,8,9",4
70,cereal,6,1
70,cessation,7,1
70,chapel,9,1
70,charlotte,8,1
70,checked,3,1
70,chief,7,1
70,childhood,6,1
70,childish,8,1
70,children,"7,8,9",5
70,chocolates,7,1
70,christian,9,1
70,christmas,"1,4,6",4
70,church,5,1
70,circular,"6,7",2
70,circulating,10,1
70,claim,9,1
70,claimant,9,1
70,claimed,"8,9",2
70,classroom,8,1
70,clear,9,2
70,clearing,7,1
70,clients,10,2
70,close,"1,8,10",4
70,coach,10,1
70,coast,10,1
70,coastal,10,1
70,coffee,"1,4,10",3
70,coincidence,7,1
70,collected,5,1
70,collecting,"5,6,7",3
70,collection,"4,5,7,9,10",6
70,collections,"3,5",3
70,collector,3,1
70,collectors,"6,7,8",3
70,colour,"4,7",3
70,colours,7,1
70,columns,10,1
70,comedy,4,1
70,comfortable,10,1
70,committee,4,2
70,common,8,1
70,communal,"1,4",2
70,company,7,6
70,compatriots,3,1
70,complete,"3,9",2
70,completed,10,1
70,complex,6,1
70,conclusions,8,1
70,condition,10,1
70,consecutive,6,1
70,considerable,10,1
70,considered,8,1
70,construction,10,1
70,consulted,8,1
70,consumer,7,1
70,contact,"1,5,6",3
70,contacts,5,1
70,container,7,2
70,containers,6,1
70,containing,"3,7",2
70,contender,8,1
70,context,8,1
70,continent,10,1
70,continue,10,1
70,continued,10,1
70,continues,"6,8",2
70,contract,7,1
70,contributed,1,1
70,contributions,"3,4",2
70,convert,7,1
70,cornish,10,1
70,correct,8,1
70,cotsen,8,1
70,cottage,7,1
70,could,"8,9,10",5
70,country,10,1
70,couple,6,1
70,course,"6,8,10",3
70,courteous,9,1
70,cover,6,1
70,cowes,5,1
70,cricketing,2,1
70,crossed,3,1
70,crossroad,1,1
70,crossroads,1,1
70,crown,1,1
70,crude,8,1
70,cullum,3,1
70,cupboard,7,2
70,cupboards,4,1
70,curator,5,2
70,daily,5,1
70,danger,10,1
70,dated,9,1
70,dating,"5,8",3
70,david,4,2
70,dealers,9,1
70,death,5,1
70,debate,8,1
70,decided,10,1
70,declaration,9,1
70,definitely,6,1
70,delighted,5,1
70,delivery,5,1
70,delved,4,1
70,demand,10,1
70,department,7,1
70,depicting,10,1
70,deposes,8,1
70,described,"8,9",3
70,description,9,1
70,design,"4,7",2
70,designed,7,1
70,designer,7,1
70,designs,7,1
70,despencer,10,1
70,destruction,9,1
70,detail,"5,7,8,9",4
70,details,"4,7",2
70,developments,10,1
70,devon,9,1
70,differences,4,1
70,different,"4,7,8",6
70,difficult,7,1
70,dining,5,1
70,director,8,1
70,disagree,8,1
70,discovered,10,1
70,discuss,10,1
70,display,5,1
70,displays,10,1
70,dissected,"5,8",7
70,dissection,"8,9",2
70,dissections,"5,9,10",3
70,dissectologists,9,1
70,dissectology,5,1
70,dissector,8,1
70,documentary,8,1
70,doing,4,1
70,doubt,"8,10",2
70,drinks,7,1
70,drive,5,1
70,droitwich,1,1
70,durability,8,1
70,during,"3,6",3
70,dutch,"3,8",2
70,earlier,"5,9",2
70,earliest,4,1
70,early,"4,7,8,10",8
70,easier,4,1
70,edinburgh,7,1
70,education,"8,9",2
70,educational,"8,10",2
70,edward,9,1
70,edwardian,8,2
70,eight,7,2
70,either,8,2
70,elder,9,1
70,eldest,10,1
70,eleven,8,1
70,elizabeth,3,2
70,ellin,1,1
70,elmbridge,"1,5",4
70,emanuel,10,1
70,embroideries,6,1
70,emerge,8,1
70,enabled,10,1
70,encampments,7,1
70,endless,4,1
70,england,"8,9",2
70,english,"3,8,9,10",4
70,enjoyed,3,2
70,enjoying,4,1
70,enlarged,10,1
70,enough,3,2
70,ensures,5,1
70,enterprise,10,1
70,ephemera,3,1
70,error,6,1
70,especially,3,1
70,established,"7,10",3
70,establishment,10,1
70,europe,"8,10",2
70,european,3,1
70,evening,5,1
70,evenings,5,1
70,events,4,2
70,eventually,"6,7",2
70,every,6,1
70,everyone,4,2
70,evidence,"8,9",5
70,exact,8,1
70,exactly,8,1
70,examine,5,1
70,examined,8,1
70,example,"4,8",3
70,examples,"4,5,9",4
70,excellent,"5,10",2
70,excitement,9,1
70,exclusive,10,1
70,exeter,"4,10",3
70,expect,9,1
70,expecting,9,1
70,experience,4,1
70,experts,8,1
70,extend,5,1
70,extensive,3,1
70,extreme,4,1
70,facility,"5,10",2
70,facts,6,1
70,factual,9,1
70,fairly,5,1
70,fairs,"3,4",2
70,faith,7,1
70,falkland,4,1
70,familiar,"3,6,7",3
70,family,"6,9,10",4
70,fascinated,4,1
70,fascinating,"5,8",2
70,father,10,1
70,favorite,10,1
70,featured,9,1
70,feeling,7,1
70,ferry,3,1
70,festival,5,4
70,field,7,1
70,figure,3,1
70,final,"3,7",2
70,finances,4,1
70,finch,"8,9",4
70,first,"3,5,6,7,8,9,10",10
70,firstly,6,1
70,flitted,9,1
70,floor,"7,10",3
70,follows,8,1
70,fondly,4,1
70,footballers,4,1
70,foreign,7,1
70,formed,10,1
70,forming,7,1
70,forward,8,1
70,found,"3,7",5
70,founder,3,1
70,fourth,7,1
70,framed,8,1
70,frank,7,2
70,french,4,3
70,frequently,6,1
70,friday,5,1
70,friend,10,1
70,friends,3,1
70,front,"1,10",2
70,fundamental,8,1
70,further,"4,8",2
70,future,"4,7,8",6
70,games,"7,10",3
70,gardens,7,1
70,geert,"3,4",2
70,general,5,1
70,geographical,5,1
70,george,"5,8",2
70,georgian,5,1
70,gerald,7,1
70,german,"4,8",2
70,gipsy,7,1
70,given,6,2
70,gives,4,1
70,glass,7,1
70,glazed,10,1
70,goods,6,1
70,gossip,10,1
70,governess,8,1
70,grand,"5,10",2
70,grandfather,3,1
70,graphic,7,1
70,great,"5,6,9",4
70,ground,10,1
70,groups,"5,8",2
70,growing,"9,10",2
70,guide,4,1
70,guided,5,1
70,guiding,10,1
70,gwydir,10,1
70,hairpin,10,1
70,hampshire,1,1
70,handicraft,6,1
70,handsomely,10,1
70,hannas,"5,8,9",6
70,happy,"3,4",2
70,harwich,3,1
70,hassall,4,1
70,heart,7,1
70,heavy,4,1
70,helen,"5,6",3
70,helmore,6,2
70,helpers,4,1
70,herself,8,1
70,heyday,10,1
70,hills,10,1
70,hinckley,5,1
70,hinged,7,1
70,historian,3,1
70,history,"5,6,9,10",7
70,hobby,"4,5",3
70,holland,3,1
70,holtzapffel,2,1
70,honiton,"9,10",2
70,hospital,5,1
70,hotel,"1,10",2
70,house,"6,10",2
70,housed,10,1
70,houses,10,1
70,however,"3,7",3
70,hubert,10,1
70,hudson,"3,6,9",3
70,humour,"2,4",2
70,huvanco,2,2
70,identify,"4,5",2
70,illness,5,1
70,illustrated,4,2
70,imagine,7,1
70,immediately,1,1
70,important,9,1
70,importantly,7,1
70,impossible,4,1
70,inches,7,2
70,including,10,1
70,incomplete,8,2
70,indeed,8,1
70,innovative,7,1
70,inscribed,7,1
70,interest,"3,4,5,6,7",8
70,interested,4,1
70,interesting,"6,7",2
70,internet,"5,9",2
70,intrigues,6,1
70,introduced,6,3
70,invaluable,9,1
70,invented,10,1
70,inventor,"8,9",3
70,investment,7,1
70,involvement,6,1
70,ipswich,3,2
70,islands,4,1
70,issue,"1,8",2
70,items,"1,5,6",4
70,itself,7,1
70,james,"5,9",2
70,january,5,2
70,jigsaw,"1,3,4,5,6,7,8,9",19
70,jigsaws,"3,5,6,7",10
70,joined,5,1
70,jumped,6,1
70,junction,1,1
70,keith,"3,4,5,9",6
70,kersey,3,1
70,kershaw,5,2
70,kitchen,4,1
70,knowledge,5,1
70,knowledgeable,5,1
70,known,"4,5,7,9,10",6
70,knows,7,1
70,labeled,8,1
70,labelled,3,1
70,ladies,6,1
70,lambeth,"4,5,9",4
70,lands,7,1
70,large,"7,10",2
70,later,"4,6",2
70,latest,10,1
70,lawson,4,1
70,learn,5,1
70,least,"3,9",2
70,leather,6,1
70,lectures,5,1
70,lengthy,5,1
70,lesson,4,1
70,letter,"7,8",2
70,levine,3,1
70,library,10,6
70,light,3,1
70,limited,1,2
70,linda,"5,8,9",7
70,lines,9,1
70,liquids,7,1
70,listed,5,1
70,lithograph,10,1
70,little,"4,5",2
70,lives,3,1
70,lloyd,8,1
70,loaded,3,1
70,local,"5,10",3
70,london,"8,9,10",8
70,longer,10,1
70,looking,7,1
70,lounge,10,1
70,lousada,10,1
70,loved,6,1
70,lovely,"3,4",2
70,lunch,"1,3",3
70,machinery,7,1
70,madame,8,2
70,magazines,9,1
70,maids,6,3
70,major,8,1
70,maker,9,1
70,makes,4,1
70,making,7,1
70,management,7,1
70,manager,5,1
70,manufacture,"6,7,8",3
70,manufacturer,7,1
70,manufacturers,6,1
70,manufacturing,7,1
70,margaret,"5,6",4
70,marie,8,1
70,marine,"3,10",5
70,market,"7,10",2
70,marketing,7,1
70,martin,5,1
70,materials,10,1
70,matter,7,1
70,means,10,1
70,meant,7,1
70,measure,4,1
70,meeting,"1,3,5,10",8
70,meetings,"3,4,5",7
70,meljing,5,1
70,melling,"1,3,6",3
70,member,"3,7,8",6
70,members,"3,4,5,6,7",22
70,memorable,"5,7",2
70,meredith,2,1
70,metal,6,1
70,midlands,1,1
70,miles,"1,9",4
70,minimum,4,1
70,misrepresent,8,1
70,missing,9,2
70,mitchell,5,1
70,mocha,10,1
70,moment,"3,7",2
70,monday,5,1
70,month,4,2
70,morning,8,1
70,mostly,7,1
70,mounted,8,1
70,moved,10,2
70,movement,10,1
70,museum,"5,9,10",5
70,names,10,1
70,napoleon,10,1
70,narrow,1,1
70,needed,"3,10",2
70,needs,10,1
70,netherlands,3,1
70,never,3,1
70,newhouse,9,1
70,newspapers,10,1
70,nicholson,3,1
70,nightmares,2,1
70,norfolk,5,2
70,north,3,1
70,norwich,5,3
70,notes,"8,9",2
70,november,5,1
70,number,"1,4,5,9,10",5
70,numbered,7,1
70,numbering,6,3
70,obtained,7,1
70,october,1,1
70,offer,9,1
70,offers,5,1
70,office,4,1
70,officers,4,1
70,offset,1,1
70,often,6,1
70,older,"4,5",2
70,oldest,5,1
70,ongoing,9,1
70,onwards,7,1
70,opening,5,2
70,opportunity,"5,7",2
70,organisation,5,1
70,organised,"4,5",3
70,ornamented,10,1
70,other,"5,9",3
70,outskirts,3,1
70,outstanding,4,1
70,overseas,"5,9",2
70,overton,1,1
70,owned,6,1
70,owner,3,1
70,owners,7,1
70,package,6,1
70,packaging,"6,7",9
70,packed,"1,3",2
70,packet,6,1
70,packets,6,1
70,pages,"4,8",2
70,painted,"6,10",2
70,paper,"6,7",3
70,paraffin,7,1
70,parking,3,1
70,particular,5,1
70,partly,9,1
70,pasteboard,8,2
70,patent,7,1
70,patented,7,1
70,patron,8,1
70,patronage,10,1
70,patrons,10,1
70,peacock,"3,6,9",7
70,penny,"1,3,4,5,6",5
70,people,"2,4,5,8,10",7
70,perfect,"3,8",2
70,perhaps,"4,7",2
70,period,10,1
70,periodical,10,1
70,philmar,3,1
70,photographs,1,1
70,photos,6,1
70,picture,"4,8,9,10",6
70,pictures,"7,10",3
70,piece,7,2
70,pieces,"1,4,5,7,8,9",9
70,pilgrim,9,1
70,place,"7,10",3
70,plain,7,1
70,planed,10,1
70,planned,4,1
70,planning,4,2
70,plans,"5,7",2
70,plastic,7,1
70,plastona,7,1
70,plate,9,1
70,playing,7,1
70,please,"1,4,6,7",6
70,pleasing,3,1
70,point,6,1
70,political,4,1
70,politicians,4,1
70,pools,4,1
70,popular,10,2
70,popularity,10,1
70,position,"8,10",2
70,possible,"1,5,6",3
70,posting,4,1
70,potential,7,1
70,pottery,6,1
70,powell,5,2
70,practise,7,1
70,practising,2,1
70,premises,10,1
70,presence,5,1
70,presentation,4,1
70,presented,3,1
70,press,3,1
70,price,6,1
70,primitive,8,1
70,prince,"8,10",2
70,print,"8,9",2
70,printed,7,1
70,printing,"7,10",3
70,prints,10,2
70,prior,10,1
70,prise,3,1
70,produce,3,1
70,produced,"5,9",2
70,product,"6,7",4
70,production,7,1
70,progress,9,1
70,prolonged,5,1
70,promote,5,1
70,promotional,3,1
70,prompt,9,1
70,proof,7,1
70,proofing,7,1
70,prosperity,7,1
70,prove,8,1
70,proved,"3,7",2
70,provide,"4,5",2
70,provided,1,1
70,provincial,10,1
70,public,"5,7",2
70,published,"8,10",3
70,purchase,6,1
70,purple,7,1
70,purpose,10,1
70,purposes,"3,8",2
70,putting,6,1
70,puzzle,"3,4,5,6,8,9",27
70,puzzlers,4,1
70,puzzles,"1,2,3,4,5,6,7,8,9,10",52
70,quarterly,"1,3,8",3
70,quarters,8,1
70,queen,8,1
70,questions,8,1
70,quickly,9,2
70,quiet,"4,10",2
70,quietly,6,1
70,range,"5,6,7",4
70,raphael,"2,3",2
70,rather,"4,10",2
70,reached,4,1
70,realise,8,1
70,really,4,1
70,received,"5,8",2
70,recognised,"7,10",2
70,recognising,7,1
70,records,5,1
70,recruited,4,1
70,recruiting,4,1
70,refer,10,1
70,regard,8,2
70,regent,10,1
70,reinstate,8,1
70,relatively,6,1
70,religious,9,2
70,remain,8,1
70,remains,8,1
70,remarkable,9,1
70,remember,4,1
70,reminded,9,1
70,reminders,5,1
70,replacement,7,1
70,report,4,1
70,reported,4,1
70,reproduced,10,1
70,reputed,9,1
70,research,"4,7,8",3
70,researcher,3,1
70,resistance,7,1
70,responding,8,1
70,resulted,5,1
70,retailing,7,1
70,retain,8,1
70,retreat,10,1
70,returning,4,1
70,review,8,1
70,reviewing,8,1
70,richard,5,1
70,ridges,4,1
70,right,"1,5",3
70,rising,6,1
70,robbins,3,1
70,rooting,3,1
70,rosemary,5,1
70,roses,7,1
70,round,4,1
70,route,10,1
70,rowles,5,1
70,royal,8,2
70,rumbled,9,1
70,running,9,1
70,rushmere,3,2
70,rushrnere,4,1
70,salmon,8,1
70,satire,4,1
70,satona,7,4
70,saturday,"1,5",2
70,saturdays,5,1
70,scandanavia,7,1
70,scenes,7,1
70,school,7,1
70,schoolroom,8,1
70,schweppes,7,1
70,seafront,10,1
70,seals,7,1
70,search,"3,5,6",4
70,seaside,"9,10",2
70,seasoned,10,1
70,second,8,2
70,secondhand,9,1
70,secret,10,1
70,secretary,5,1
70,sectional,10,1
70,seems,4,1
70,seized,3,1
70,selection,3,1
70,selling,"1,8",2
70,sending,1,1
70,september,5,2
70,serious,8,1
70,serve,4,1
70,service,"5,9",3
70,settling,10,1
70,several,"3,6,7,8",5
70,shall,5,1
70,shape,4,1
70,shaped,7,1
70,share,"3,5",2
70,shefrin,8,6
70,shillings,6,1
70,shone,3,1
70,shortages,6,1
70,should,4,1
70,shown,6,1
70,shows,8,1
70,sides,4,1
70,sidmouth,"9,10",7
70,signed,7,2
70,similar,6,1
70,simpson,7,1
70,sincerely,4,1
70,sinking,7,1
70,sites,5,1
70,situated,10,1
70,sized,7,1
70,skies,7,1
70,skills,7,2
70,slater,3,1
70,small,"3,7,9",4
70,smaller,7,1
70,snippet,7,1
70,solvent,4,1
70,someone,"8,9",2
70,sorts,6,1
70,sound,4,1
70,south,9,2
70,southington,1,1
70,space,1,1
70,special,"3,4,5",5
70,speciality,3,1
70,specially,5,1
70,specifically,7,1
70,spell,"4,5",2
70,spent,3,1
70,spilsbury,8,8
70,spirit,10,1
70,split,7,1
70,spread,3,1
70,standard,"4,7",2
70,statement,8,1
70,states,8,1
70,steep,10,1
70,steering,4,1
70,stems,6,1
70,sterling,4,1
70,steve,2,1
70,still,"4,8,10",4
70,stone,"5,10",2
70,stoneygate,5,1
70,stood,10,1
70,story,9,1
70,straight,1,2
70,strand,10,1
70,strange,7,1
70,strangers,5,2
70,street,6,1
70,stressed,8,1
70,stuck,8,1
70,studdy,4,1
70,student,6,1
70,studied,8,1
70,style,"4,6,7",5
70,subject,"7,8",2
70,subscriptions,5,1
70,summer,4,1
70,super,4,1
70,supplant,9,1
70,supplied,10,1
70,supply,10,1
70,support,5,1
70,supported,"8,10",2
70,surpassing,4,1
70,surplus,3,1
70,surprising,9,1
70,surprisingly,9,1
70,surroundings,10,1
70,suspect,9,1
70,sussex,3,1
70,sympathy,5,1
70,system,6,2
70,table,"3,4,10",5
70,tables,"1,3",3
70,tails,4,1
70,taken,4,1
70,taking,"3,4",2
70,talking,3,1
70,tassell,6,2
70,tchful,3,1
70,technical,7,1
70,tells,9,1
70,termed,8,1
70,thank,"1,4",2
70,thanked,4,1
70,thanks,"4,5,7",6
70,thatched,10,1
70,their,"3,4,5,6,8",8
70,theme,"1,4",2
70,there,"1,3,4,7,8,9,10",16
70,these,"1,3,4,5,6,7,8,9,10",17
70,thing,6,1
70,things,"3,6,7",4
70,thinking,7,1
70,those,"3,6,7,10",4
70,though,8,1
70,thought,6,1
70,three,"3,4,5,7,8",6
70,thrill,3,1
70,through,7,1
70,thursday,5,1
70,thyne,7,1
70,times,"5,7",2
70,today,10,1
70,together,"3,5,6,9,10",5
70,tomtyler,5,1
70,topography,10,1
70,total,5,1
70,totally,8,1
70,tours,5,1
70,tower,3,1
70,traced,7,1
70,tracking,6,1
70,trade,"8,10",2
70,traditional,7,1
70,transformed,10,1
70,travel,10,1
70,traveller,10,1
70,travellers,10,1
70,travels,9,1
70,treasure,3,2
70,treat,5,1
70,trelawne,1,1
70,tricia,4,2
70,trickles,9,1
70,tudor,5,1
70,twelve,9,1
70,tyler,"1,4,6,8,9",7
70,unable,"3,4",2
70,uncle,7,1
70,under,"3,4,5,10",4
70,undercroft,5,1
70,unearthed,9,1
70,universal,8,1
70,unknown,"3,6",2
70,until,"6,8,9",3
70,unusual,"4,6",2
70,using,8,5
70,usual,"1,7,9",3
70,usually,"4,6",2
70,valley,"2,3,10",3
70,varied,5,1
70,varies,8,1
70,variety,"4,7",2
70,vaulted,5,1
70,victoria,8,1
70,victorian,8,2
70,views,10,2
70,village,"1,3",4
70,vindicated,7,1
70,violet,7,1
70,visit,5,2
70,visited,7,1
70,visiting,5,1
70,visitors,10,2
70,voted,4,1
70,waddington,"3,6,7",10
70,waddingtons,"6,7",3
70,wafting,4,1
70,wallis,"9,10",12
70,wanted,"4,6,7",3
70,warmly,"1,5",2
70,warren,5,1
70,watercolourist,10,1
70,wealthy,"8,10",4
70,weather,4,1
70,weaving,6,1
70,wednesday,5,1
70,welcome,"1,3",3
70,welcomed,"1,5",2
70,western,10,1
70,whatever,8,2
70,where,"7,9,10",4
70,which,"4,5,7,8,9,10",20
70,whilst,3,1
70,white,10,1
70,whitmore,3,1
70,whose,"3,6",2
70,wight,5,2
70,williams,8,1
70,willoughby,10,1
70,winter,"1,5",2
70,wonder,10,1
70,wonderland,6,1
70,wooden,"4,8",7
70,working,4,1
70,would,"6,9,10",3
70,writing,8,1
70,wychbold,1,1
70,xxxxx,1,1
70,years,"3,6,7,8,9",6
70,young,"3,10",2
74,acquisition,4,1
74,activity,8,1
74,advantage,"3,10",2
74,advice,1,1
74,aerodrome,10,1
74,aeroplane,8,1
74,aircraft,10,3
74,albert,3,2
74,allera,"3,4",2
74,amateurish,8,1
74,amazon,6,1
74,ambitious,2,1
74,american,"5,6,8",3
74,andrew,3,1
74,anecdotes,1,1
74,animated,5,1
74,animation,8,1
74,anniversary,"1,9",2
74,antarctic,3,1
74,april,4,1
74,arrangement,8,1
74,artist,"6,7,8",6
74,assertion,4,1
74,assistance,7,1
74,assuage,6,1
74,astin,3,2
74,attendance,"3,10",2
74,attendant,8,1
74,august,10,1
74,australia,10,2
74,australian,10,1
74,autumn,5,1
74,aviation,10,1
74,barbara,"6,7",3
74,barker,8,1
74,barrie,"3,4",2
74,batch,4,1
74,beloved,7,1
74,berkley,6,1
74,betal,9,1
74,biblical,4,1
74,birmingham,3,1
74,biscuit,9,1
74,blackpool,3,1
74,bletchley,"4,5,7",3
74,bookshop,6,1
74,border,7,1
74,borrowers,6,1
74,btintemet,5,1
74,buttermere,7,1
74,bygone,6,1
74,camera,"4,5",2
74,campbell,10,1
74,cancer,4,1
74,candy,8,1
74,caramels,10,1
74,cardboard,7,1
74,celebrations,10,1
74,centenary,10,1
74,chaos,4,1
74,charitable,5,1
74,charity,6,2
74,cheese,3,1
74,chelmsford,4,1
74,cheltenham,9,2
74,chemo,4,1
74,cheque,5,1
74,cheshire,3,2
74,chester,4,1
74,china,4,1
74,christine,5,1
74,christmas,"6,9",2
74,cliff,7,1
74,coaster,8,1
74,coincidence,2,1
74,collectables,5,1
74,collection,"2,3,7,8,9,10",14
74,collections,"3,4",2
74,colourful,10,1
74,comet,10,3
74,comets,10,1
74,commitment,3,1
74,communications,1,1
74,companion,"6,7,8",7
74,companions,"6,7,8",4
74,competition,3,1
74,completion,7,1
74,complimentary,7,1
74,composition,"7,8",2
74,condolences,7,1
74,confectionary,10,1
74,congested,6,1
74,congratulations,6,1
74,consciously,4,1
74,consecutive,9,1
74,consultants,4,1
74,contained,7,1
74,conversion,6,1
74,cornet,10,1
74,cosmetics,9,1
74,cottage,9,1
74,cowdry,9,1
74,cowes,10,3
74,crafted,3,1
74,creation,3,1
74,crewed,10,1
74,crumbie,5,1
74,cupid,8,1
74,daleks,4,1
74,david,"3,4,9",8
74,deafening,3,1
74,dealer,5,5
74,debenhams,9,1
74,decked,10,1
74,definitive,2,1
74,delightedly,5,1
74,dennis,3,2
74,depicted,8,2
74,depicting,10,1
74,derbyshire,3,1
74,deserving,6,1
74,dessert,9,1
74,detective,2,1
74,deterioration,7,1
74,devoid,8,1
74,director,"4,5",4
74,disasters,"3,4",2
74,disconsolate,4,1
74,dissected,2,1
74,dissectology,2,2
74,diversions,5,1
74,downpour,3,1
74,dragonsland,4,1
74,dutch,10,1
74,eastbourne,3,1
74,eclipsed,2,1
74,education,3,1
74,election,9,1
74,elfin,4,1
74,emanating,8,1
74,encouragement,6,1
74,england,10,2
74,english,2,1
74,enterprise,5,1
74,enthusiast,8,1
74,entirely,4,1
74,epics,3,1
74,eradicated,4,1
74,europe,9,1
74,excellence,10,1
74,exception,7,1
74,exhibition,2,1
74,extensive,3,1
74,extraordinary,2,1
74,facilities,3,1
74,factory,6,1
74,failure,10,1
74,fairground,8,3
74,fairly,6,1
74,familymellinq,1,1
74,fantastic,10,1
74,favourable,9,1
74,february,9,1
74,festival,10,1
74,fletcher,3,1
74,flier,9,2
74,floss,8,1
74,foster,"6,9",3
74,fragile,7,1
74,frittering,6,1
74,frivolous,6,1
74,fully,3,1
74,garbo,4,1
74,gavagan,3,1
74,generally,8,1
74,gentleman,5,1
74,gillian,3,1
74,goers,5,1
74,goliath,4,1
74,gratefully,9,1
74,greatly,8,2
74,grosvenor,10,2
74,guest,2,1
74,guilt,6,1
74,hampshire,1,1
74,handicap,10,2
74,hannas,2,4
74,hardy,4,1
74,havilland,10,1
74,heating,10,1
74,herndon,5,1
74,hinckley,5,1
74,hobbies,6,1
74,hobby,2,3
74,honorary,2,1
74,hooked,6,1
74,hosegood,"6,7",2
74,hotel,9,1
74,houseful,4,1
74,hudson,"3,4",2
74,hugely,4,1
74,iisiie,8,1
74,improvement,8,1
74,inscription,5,1
74,insertion,5,1
74,insisted,6,1
74,instated,2,1
74,interlocking,3,1
74,intermittent,9,1
74,interpretations,4,1
74,invalids,5,1
74,inventor,2,1
74,james,10,1
74,january,9,1
74,johnson,10,2
74,jonty,5,1
74,josephine,6,1
74,joyce,"3,4",2
74,karachi,10,1
74,katey,"3,4",2
74,kemon,3,1
74,kershaw,3,1
74,keynes,7,1
74,kindness,6,1
74,laurel,4,1
74,layout,7,1
74,lecturer,3,1
74,leics,5,1
74,libraries,6,1
74,library,"3,6",2
74,linda,2,8
74,lionel,8,1
74,literature,3,1
74,liverpool,3,1
74,logan,7,1
74,london,2,2
74,longer,6,1
74,lutterworth,9,1
74,macpherson,10,2
74,macrobertson,10,1
74,maddock,7,1
74,magic,10,1
74,maker,10,2
74,mammoth,10,1
74,manor,9,1
74,manufacturer,10,1
74,marie,10,1
74,martin,"3,4,9",5
74,martland,3,2
74,maureen,3,2
74,mayhem,4,1
74,mayors,9,1
74,mechanic,8,1
74,mechanical,10,1
74,melbourne,10,2
74,melling,"1,3,7",5
74,metaphorically,5,1
74,meteorologist,3,1
74,michael,"6,7,9",5
74,midsummer,8,1
74,mildenhall,10,1
74,millionaire,10,1
74,milton,7,1
74,mitchell,10,1
74,mollison,10,1
74,motor,4,1
74,moveable,8,1
74,museum,2,1
74,newark,5,1
74,nimes,5,1
74,norfolk,9,1
74,norgate,"3,9",3
74,northerners,4,1
74,norway,"2,10",2
74,nostalgia,6,1
74,notoriously,2,1
74,november,1,1
74,october,"2,10",2
74,officers,9,1
74,ourney,7,1
74,outings,6,1
74,outline,4,1
74,overridden,5,1
74,overton,1,1
74,parker,6,1
74,parliament,7,1
74,pastime,"5,6",2
74,peacefully,2,1
74,peacock,"3,4",2
74,penny,"1,3,7",6
74,persons,8,1
74,perspective,8,1
74,photocopy,6,1
74,photographic,8,3
74,pigmy,7,1
74,players,5,1
74,poorly,8,1
74,porta,4,1
74,postbag,9,1
74,posters,6,1
74,predictable,4,1
74,premier,6,1
74,presentation,4,1
74,president,2,2
74,princes,"6,9",2
74,privileged,2,1
74,producer,"4,5",2
74,progressives,8,1
74,promotion,4,1
74,pssis,9,1
74,publicise,2,1
74,purely,8,1
74,puzzlers,6,1
74,radiotherapy,4,1
74,railway,"4,8",5
74,ranger,8,1
74,raring,4,1
74,ratcatchers,9,1
74,readers,5,1
74,refreshments,10,1
74,relatively,3,1
74,reminiscences,1,1
74,reminiscent,6,1
74,renewal,5,1
74,renowned,9,1
74,rental,6,1
74,reproductions,8,1
74,resistance,2,1
74,response,4,1
74,restaurant,9,1
74,revolution,8,1
74,richard,5,1
74,risborough,"6,9",2
74,robertson,10,2
74,roller,8,1
74,roman,4,1
74,rosemary,"4,10",2
74,rpdean,5,1
74,saddened,7,1
74,sadness,2,1
74,safely,4,1
74,saunders,10,1
74,scene,"4,8",4
74,scenes,8,1
74,schofield,4,1
74,scholar,2,1
74,scofield,10,1
74,scotland,2,1
74,scott,10,2
74,sentiment,6,1
74,september,3,1
74,sequel,2,1
74,series,"3,6,7,8",8
74,shortly,3,1
74,shuttleworth,10,1
74,sideshows,8,1
74,signature,8,1
74,silence,3,1
74,sincere,7,1
74,smarties,9,1
74,snacks,8,1
74,snapshots,8,1
74,snippets,9,1
74,southernism,4,1
74,southington,1,1
74,spain,3,1
74,specialised,2,1
74,specially,6,1
74,spectacular,5,1
74,spiey,9,1
74,spilsbury,2,1
74,splendid,"3,4",2
74,springbok,8,1
74,spurred,6,1
74,steve,3,1
74,stockholm,5,1
74,stoneygate,5,1
74,sunny,3,1
74,superb,8,1
74,superbly,4,1
74,surrounded,7,1
74,surrounding,7,1
74,sympathies,2,1
74,talented,2,1
74,tales,4,1
74,teacher,3,1
74,technological,8,1
74,terlocking,7,1
74,thame,9,1
74,theme,"3,10",2
74,thereon,8,1
74,thoroughly,4,1
74,thrilled,4,1
74,titbits,9,1
74,torgrim,2,2
74,travellers,5,1
74,trelawne,1,1
74,tricia,4,1
74,tumbled,4,1
74,twinkle,8,1
74,twinkling,8,1
74,tyler,2,1
74,ullesthorpe,9,1
74,unfairly,4,1
74,unscrupulous,2,1
74,valerie,3,2
74,valley,"3,4,8,10",5
74,vanilla,9,1
74,viewer,5,1
74,vision,4,1
74,visitors,10,1
74,vouch,10,1
74,waddington,4,1
74,wafer,9,1
74,walker,4,1
74,wallis,2,1
74,warden,10,1
74,wartime,3,1
74,weary,5,1
74,weather,5,1
74,welcom,3,1
74,wendy,"3,4",4
74,westacre,2,1
74,wight,10,1
74,williams,6,1
74,williamson,8,1
74,winchester,2,1
74,winner,3,1
74,winter,"3,8",2
74,wirral,3,1
74,workers,6,1
78,aanall,8,1
78,abandoned,7,1
78,about,"2,5,6,7,10",11
78,abraham,7,1
78,absolutely,10,1
78,accompanied,10,1
78,account,5,1
78,accredited,8,1
78,accuratissima,7,1
78,acknowledgments,10,1
78,across,"5,6",3
78,active,9,1
78,activities,1,1
78,actual,7,1
78,actually,8,1
78,added,"6,10",2
78,addition,9,1
78,address,3,2
78,admit,5,1
78,adult,3,1
78,advance,3,1
78,advertising,"5,6",2
78,after,"4,5,7,8,9",5
78,again,"5,7,9",4
78,alike,8,1
78,along,"5,6",3
78,already,3,1
78,although,9,1
78,always,"3,5,7,8",4
78,amazed,4,1
78,amazing,5,1
78,america,6,1
78,american,"3,7,9",3
78,among,"3,9",2
78,amongst,5,1
78,amused,7,1
78,ancestors,6,1
78,andrew,"5,7",4
78,anglia,5,1
78,animal,6,1
78,animals,"2,5,7",3
78,anniversary,"1,3",4
78,announce,3,1
78,annual,6,1
78,another,"6,7",4
78,anthony,9,2
78,antique,"4,8",2
78,antiques,5,1
78,anyone,6,3
78,anything,"5,6",2
78,anywhere,10,1
78,appalled,8,1
78,apparently,"5,7",2
78,appeals,9,1
78,appear,"8,9",2
78,appeared,5,1
78,appears,"6,9",2
78,applied,8,1
78,approx,7,1
78,approximately,5,1
78,araaa,3,1
78,arabesque,5,1
78,archive,6,1
78,arctic,10,1
78,around,1,1
78,arranged,9,1
78,arranging,1,1
78,artist,"5,6,9",4
78,aspects,3,1
78,assemble,3,1
78,assembling,8,1
78,assist,7,1
78,assisted,5,1
78,association,"8,10",3
78,associations,9,1
78,assumed,9,1
78,astounded,6,1
78,atlantic,4,1
78,attend,3,1
78,attended,3,1
78,attending,5,1
78,attention,5,1
78,auction,6,1
78,auctioned,6,1
78,auctions,"8,10",2
78,august,"4,5,8",3
78,auspices,9,1
78,authority,10,1
78,autobiograpy,10,1
78,background,"6,9",2
78,banking,8,1
78,barbara,3,2
78,barge,5,1
78,barrie,6,3
78,based,8,1
78,bcders,7,1
78,bears,10,2
78,beaten,7,2
78,because,8,1
78,before,"3,5,8",3
78,began,1,1
78,being,"7,9",2
78,bekkering,"3,8",2
78,believe,7,1
78,benefit,9,1
78,berlin,8,1
78,berry,4,1
78,bethnal,6,1
78,better,"7,8",2
78,betterton,3,1
78,between,"1,10",2
78,biographical,10,2
78,birds,"5,7",3
78,black,2,1
78,bletcbley,6,1
78,bletchley,"1,3",4
78,board,"7,9",4
78,boating,7,1
78,bonus,6,1
78,bookcase,6,1
78,booked,3,1
78,books,"9,10",2
78,border,7,3
78,boston,10,2
78,bottom,10,1
78,bound,9,1
78,boxes,"5,8,10",3
78,breach,3,1
78,breed,6,1
78,brian,5,2
78,brick,6,1
78,bright,"5,8,10",3
78,bring,3,2
78,broadstairs,4,2
78,brother,6,2
78,brought,5,2
78,brownies,3,1
78,build,8,2
78,building,9,1
78,buildings,9,1
78,bunty,2,1
78,burpham,"1,3",6
78,business,10,1
78,cakes,"3,5",2
78,calendar,10,1
78,calendars,10,1
78,called,"5,7",3
78,cally,8,1
78,campaign,10,1
78,canada,9,1
78,candy,4,2
78,cannot,6,1
78,caravan,6,1
78,cardboard,7,1
78,carrying,6,1
78,cartoon,6,2
78,carvings,9,1
78,catalogue,2,1
78,celebrations,3,1
78,census,6,1
78,centers,8,1
78,challenge,7,1
78,challenging,7,1
78,change,3,1
78,chichester,5,1
78,chinese,9,1
78,chocolate,3,1
78,cicely,5,1
78,circular,5,2
78,circumstances,3,1
78,cities,10,1
78,clarke,2,1
78,classified,5,1
78,claude,5,1
78,clear,"5,10",2
78,clever,7,1
78,cliff,10,1
78,climbs,9,1
78,close,"3,6,8",3
78,closed,4,1
78,clothing,9,1
78,coaches,5,1
78,coincided,5,1
78,coincidences,5,1
78,coins,2,1
78,colin,3,3
78,colleague,4,1
78,collecting,10,1
78,collection,"2,5,10",4
78,collections,5,1
78,collectors,"7,10",2
78,colors,10,1
78,colour,"5,7",3
78,comedy,7,1
78,comer,7,1
78,comfort,6,1
78,commenced,7,1
78,commentary,5,1
78,commented,9,1
78,commercially,7,1
78,committee,1,1
78,communities,8,1
78,companies,8,1
78,companion,7,1
78,company,"3,5,8",3
78,competitions,3,1
78,compiling,5,1
78,complete,"5,7",5
78,completed,7,7
78,completing,"7,8",4
78,comprehensive,4,1
78,concern,9,1
78,conclude,1,1
78,concludes,5,1
78,congratulations,4,1
78,conscious,1,1
78,consists,7,1
78,consolation,9,1
78,consulting,4,1
78,contact,"3,5",2
78,containing,7,1
78,contains,7,1
78,continue,1,1
78,contributions,"3,9",3
78,controlling,2,1
78,convention,6,1
78,cooperative,8,1
78,copies,10,2
78,cottington,5,1
78,could,"6,8,9,10",4
78,countries,9,1
78,country,3,1
78,course,"3,6",3
78,courtesy,6,1
78,cover,9,1
78,covers,10,1
78,crafted,9,1
78,crafts,9,1
78,craftspeople,10,1
78,craze,7,1
78,crazy,7,1
78,cricket,5,1
78,cricketers,5,1
78,critical,5,1
78,crown,4,1
78,current,10,1
78,currently,7,1
78,curriculum,4,1
78,cushman,9,2
78,customary,5,1
78,cutter,"6,7",2
78,cutting,3,2
78,dance,5,1
78,dating,5,1
78,dawson,6,1
78,death,"1,3",2
78,decades,8,1
78,decided,7,3
78,decorated,10,1
78,deepest,3,1
78,defeat,5,1
78,definite,9,1
78,definitely,6,1
78,degas,5,1
78,degree,8,1
78,delight,4,1
78,delighted,"3,4,5,6",5
78,deliver,6,1
78,departure,9,1
78,depicted,6,1
78,depicting,5,1
78,depression,10,1
78,descendent,4,1
78,described,"7,8",2
78,describing,9,1
78,deserted,5,1
78,designed,"2,6,7",3
78,destroying,7,1
78,details,"4,10",2
78,detected,5,1
78,developed,8,1
78,devious,2,1
78,dewsbury,3,1
78,dictator,5,1
78,difficult,"5,7",4
78,digest,9,1
78,disappointed,7,1
78,discarded,9,1
78,discovered,"5,6",2
78,disney,5,1
78,dissected,4,1
78,dissecting,6,1
78,dissection,4,1
78,doing,7,4
78,donated,"4,6,9",3
78,double,9,1
78,downpours,5,1
78,dozen,10,1
78,dragonsland,2,1
78,drawing,7,1
78,drawn,6,1
78,dreaded,6,1
78,drive,4,1
78,dunlop,"5,6",11
78,during,7,1
78,eacocs,6,1
78,eagle,2,1
78,eagled,7,1
78,early,"3,5",2
78,easier,8,1
78,easiest,7,1
78,eastbourne,"1,3",2
78,eastern,1,1
78,echoed,6,1
78,edges,7,1
78,education,6,1
78,edward,6,3
78,effort,1,1
78,either,5,1
78,eleanor,9,1
78,elfin,2,1
78,elliott,6,2
78,elspeth,2,1
78,elves,2,1
78,employing,6,1
78,enclosing,6,1
78,energetic,1,1
78,engaged,5,1
78,english,"5,8",2
78,enjoy,"1,7",2
78,enjoyed,1,1
78,enjoying,4,1
78,eskimo,8,1
78,especially,"1,3,4",4
78,essex,2,1
78,established,"4,8",2
78,europe,4,1
78,event,3,1
78,events,3,1
78,every,"4,9",2
78,everyone,"4,7",2
78,evidence,10,1
78,exactly,8,1
78,examples,10,1
78,exists,1,1
78,expensive,10,1
78,experimented,3,1
78,exploits,5,1
78,extra,1,1
78,extract,6,1
78,extracting,2,1
78,extracts,6,1
78,facilities,8,1
78,facility,5,1
78,factories,8,1
78,fairly,"6,7",2
78,falcon,5,1
78,familiar,9,1
78,families,"4,6",2
78,family,"3,4",3
78,famous,3,1
78,fanatic,7,1
78,fantastic,7,1
78,farmhouse,6,2
78,fascinating,2,1
78,father,4,1
78,featured,"2,6,10",3
78,features,5,1
78,featuring,6,1
78,february,3,1
78,ferrisburg,10,2
78,fetched,"6,10",2
78,fields,"3,9",2
78,figural,6,1
78,figure,10,3
78,filming,7,1
78,finally,5,1
78,finely,9,1
78,finished,5,1
78,first,"1,3,5,8",6
78,fishers,9,1
78,fishing,"8,9",3
78,fitting,1,1
78,fleet,6,1
78,fleeting,6,1
78,floor,7,1
78,flowers,"3,5",2
78,focussed,5,1
78,followed,1,1
78,following,"4,5,6",3
78,follows,7,1
78,footsteps,4,1
78,forced,3,1
78,foreground,9,1
78,forest,1,1
78,forty,10,1
78,forward,1,1
78,found,"2,5,6",3
78,founded,"3,8",2
78,framed,10,1
78,framework,7,1
78,france,4,1
78,french,5,1
78,frequently,8,1
78,friend,2,1
78,friends,"1,6,9",5
78,funds,"9,10",2
78,further,6,3
78,future,4,1
78,games,6,1
78,gannets,10,1
78,gardens,3,2
78,gathered,5,1
78,gatherings,4,1
78,gazes,9,1
78,geert,"3,8",3
78,gentleman,"2,7",2
78,geoff,5,1
78,geographica,7,1
78,geography,4,1
78,german,8,2
78,germany,8,1
78,giant,7,1
78,giljian,6,1
78,gillian,6,1
78,given,1,1
78,golden,6,1
78,goldens,6,1
78,graced,9,1
78,graham,4,1
78,grandchildren,5,1
78,grandfather,6,1
78,graphite,3,1
78,grateful,10,1
78,great,"5,7,10",4
78,green,"6,7",4
78,greet,8,1
78,grenfell,"8,9,10",24
78,grenfellhookedmats,10,1
78,grenfl,8,1
78,gribble,9,1
78,group,7,2
78,grskf,8,1
78,guest,3,1
78,guide,7,1
78,guildford,"1,3",4
78,hamburg,8,2
78,hampshire,1,1
78,handkerchief,2,1
78,handsome,10,1
78,hannas,"4,6",4
78,happen,1,1
78,happier,9,1
78,happiness,4,1
78,harbor,9,1
78,harder,8,1
78,harvester,3,1
78,haven,10,1
78,having,5,2
78,headquarters,9,1
78,health,6,1
78,heart,2,1
78,helen,4,3
78,helping,5,1
78,hemisphere,10,1
78,highlight,3,1
78,highly,9,1
78,highwayman,5,1
78,highwaymen,5,1
78,highways,5,1
78,himself,9,1
78,historical,7,2
78,history,6,3
78,hobby,1,1
78,holbom,6,1
78,holtzapffel,2,1
78,hooking,9,1
78,hoping,7,2
78,horticultural,3,1
78,hospital,"8,9",8
78,hospitals,8,1
78,houghton,10,1
78,hours,7,1
78,house,3,1
78,however,"3,4,9",3
78,hudson,6,1
78,hundred,9,1
78,husband,4,1
78,iceberg,9,1
78,identical,10,1
78,illustrator,6,1
78,image,9,1
78,immediately,3,1
78,important,7,1
78,imported,8,1
78,impossible,8,1
78,impressionist,7,1
78,impressions,7,2
78,include,8,1
78,included,"6,9,10",5
78,including,"3,5,9,10",5
78,indeed,"4,6,10",3
78,index,7,1
78,indian,8,1
78,indicates,"2,6",2
78,individual,"9,10",2
78,industrial,"8,9",2
78,inhabitants,8,1
78,inner,7,2
78,inside,"6,10",2
78,intently,9,1
78,interchange,3,1
78,interest,"3,5",2
78,interesting,"3,5,8",4
78,international,"8,9,10",4
78,interned,8,1
78,internet,4,1
78,introduced,4,1
78,invented,2,1
78,invention,6,1
78,ipswich,1,1
78,issue,9,2
78,issues,6,1
78,itemised,6,1
78,items,"5,6",3
78,itirt,8,1
78,itself,9,1
78,james,6,2
78,jigsaw,"3,4,5,6,7,8,10",17
78,jigsaws,"4,7,10",3
78,johanne,7,1
78,joined,4,1
78,joint,10,1
78,joseph,6,1
78,junction,3,1
78,jungle,"5,7",2
78,kayaks,10,1
78,keenest,4,1
78,keeping,7,1
78,kernon,6,1
78,keynote,9,1
78,kipling,5,1
78,kitchen,5,1
78,kneel,7,1
78,known,"2,5,6",4
78,labrador,"8,9,10",24
78,large,"3,7,9",3
78,largest,"7,8",2
78,later,"3,5,8,10",4
78,latest,9,1
78,lauren,4,1
78,laverty,10,1
78,laying,6,1
78,leading,3,1
78,learn,3,1
78,least,9,1
78,leave,5,1
78,legged,6,1
78,letter,6,1
78,lettering,10,1
78,level,7,1
78,levine,5,1
78,light,6,1
78,liked,7,1
78,likeness,6,1
78,limited,7,1
78,linda,"4,6",4
78,lined,10,1
78,lines,5,1
78,listing,2,1
78,literally,9,1
78,literary,9,1
78,little,"5,6",3
78,lived,10,1
78,living,3,1
78,local,3,1
78,locally,3,1
78,locate,5,1
78,london,"1,6,8,9",4
78,looking,5,1
78,lovegrove,4,1
78,lovely,"2,5",2
78,lower,7,2
78,lucie,6,1
78,luckily,5,2
78,lunch,3,1
78,macaws,7,1
78,maddock,10,1
78,major,10,1
78,maker,5,1
78,makers,5,1
78,makes,8,1
78,making,"6,7",3
78,malling,4,1
78,manage,7,2
78,managed,"7,8",4
78,management,8,1
78,manager,6,1
78,maniactuvrld,8,1
78,manufactured,10,1
78,margaret,5,1
78,marginally,7,1
78,market,6,1
78,marketing,10,1
78,marks,8,1
78,marlborough,3,1
78,maroon,10,1
78,married,6,1
78,marvellous,1,1
78,match,5,2
78,material,"6,9",2
78,measures,7,1
78,measuring,5,1
78,medical,"8,9",3
78,meeting,"1,3,4,5,6",9
78,meetings,1,1
78,melling,1,1
78,member,"1,4,6,8",4
78,members,"1,2,3,5,6,8",17
78,memorable,1,1
78,memory,1,1
78,mention,"5,9",2
78,mentioned,4,1
78,meredith,7,1
78,merge,7,1
78,mermaid,2,1
78,merrow,3,1
78,michele,5,1
78,middlestorb,3,2
78,mifflin,10,1
78,might,"2,7",2
78,million,8,1
78,mills,4,1
78,miniature,3,1
78,mirrored,5,1
78,missed,3,1
78,missing,"4,7",2
78,mission,"8,9,10",7
78,missive,6,1
78,mixture,2,1
78,model,6,1
78,models,6,1
78,months,7,1
78,mostly,7,2
78,motor,2,1
78,motors,2,1
78,moved,4,1
78,museum,6,1
78,myselffi,7,1
78,nadir,10,1
78,names,10,1
78,native,"3,8",2
78,nazis,8,1
78,nearby,10,1
78,needless,6,1
78,netherlands,3,1
78,never,7,1
78,newfoundland,8,1
78,nicholas,7,2
78,nicholson,5,1
78,nineties,6,1
78,nishing,7,1
78,norfolk,3,1
78,normal,"7,8",2
78,north,"4,9",3
78,nostalgiag,4,1
78,notable,5,1
78,noted,"5,6",2
78,notes,10,1
78,nothing,5,1
78,november,"1,3",3
78,novus,7,1
78,number,"3,8",2
78,numbers,10,1
78,numerous,8,1
78,object,9,1
78,october,1,1
78,octogenarian,7,1
78,offerings,9,1
78,office,"4,8",2
78,older,"4,7",2
78,onwards,6,1
78,opened,7,1
78,opportunity,3,1
78,orange,10,1
78,orbis,7,2
78,order,9,1
78,organised,4,1
78,organising,1,1
78,original,10,1
78,originally,2,1
78,orphanage,9,1
78,orphanages,8,1
78,ortelius,7,1
78,other,"2,5,6,8,9,10",9
78,others,"2,6",2
78,outer,7,2
78,outing,3,1
78,outlet,10,1
78,outlets,9,1
78,overton,1,1
78,owned,8,2
78,owner,10,1
78,oxfam,7,1
78,packets,7,1
78,paddles,10,1
78,pages,4,1
78,pagey,6,2
78,painted,5,2
78,painting,7,2
78,paintings,9,1
78,paper,10,1
78,parking,3,1
78,party,"3,7",2
78,passes,9,1
78,passmore,6,6
78,patent,"2,8",6
78,patience,8,1
78,paula,10,1
78,pauline,3,2
78,peacock,6,11
78,pearl,5,1
78,penguins,10,1
78,penny,1,2
78,people,"3,7,10",3
78,perhaps,"2,4,10",3
78,period,5,2
78,periodic,9,1
78,perplexing,9,1
78,person,7,1
78,philadelphia,10,1
78,phone,3,1
78,photo,7,2
78,photocopies,6,1
78,photocopy,6,1
78,picture,"5,6,7,8",10
78,pictures,"2,5,6,10",5
78,piece,"6,7,8,10",9
78,pieced,7,1
78,pieces,"2,5,7,8,9,10",23
78,pilsbury,4,1
78,place,3,1
78,places,"3,6",3
78,placing,9,1
78,plain,7,1
78,planning,3,1
78,playing,3,1
78,please,"3,4,6,9",6
78,plumridge,3,2
78,pneumatic,6,1
78,pocket,2,1
78,point,9,1
78,polar,10,1
78,popular,9,1
78,populations,8,1
78,postcards,6,1
78,postponement,3,1
78,poverty,8,1
78,practical,7,1
78,press,7,1
78,previous,"5,7",2
78,price,"5,10",2
78,princes,1,1
78,printed,"5,10",2
78,printer,"6,8",2
78,printing,6,1
78,prized,9,1
78,probably,7,2
78,problem,9,1
78,proceeds,6,1
78,proclaim,8,1
78,produce,7,1
78,produced,"3,5,7,10",5
78,production,"7,8,9",3
78,professions,6,1
78,progress,7,1
78,project,3,1
78,promotional,3,1
78,proved,5,1
78,provided,8,1
78,provisional,2,1
78,pseudonym,"6,7",2
78,published,6,1
78,publisher,6,1
78,publishing,6,1
78,pulls,2,1
78,punctuated,5,2
78,pupils,4,1
78,purchased,7,1
78,purchases,5,1
78,purse,2,1
78,putting,"7,9",2
78,puzzle,"2,3,5,6,7,8,9,10",44
78,puzzled,9,1
78,puzzler,8,1
78,puzzles,"3,4,5,6,7,8,9,10",44
78,puzzling,8,1
78,quarter,"5,7",5
78,quarterly,"3,9",2
78,quarters,9,2
78,quite,"3,5,10",3
78,rachel,6,1
78,radiant,8,1
78,radio,7,1
78,raised,9,1
78,range,"3,7",2
78,raphael,"8,9",2
78,rapidly,8,1
78,rather,"8,10",2
78,ravensburger,7,2
78,ready,5,1
78,really,"7,8",2
78,reason,6,1
78,rebecca,6,1
78,receive,1,1
78,record,6,1
78,recordings,7,1
78,reference,6,1
78,references,10,1
78,regards,4,1
78,register,3,1
78,regular,8,2
78,related,3,1
78,relates,10,1
78,remedy,9,1
78,remember,3,1
78,removed,10,1
78,renoir,7,1
78,reported,9,1
78,reporter,7,1
78,reproductions,9,1
78,research,6,4
78,response,9,1
78,responsible,10,1
78,result,"5,8",2
78,resulted,10,1
78,retail,8,1
78,retirement,4,1
78,retriever,6,1
78,retrievers,6,1
78,return,1,1
78,returned,6,1
78,revnolds,7,1
78,reynolds,7,1
78,rhyme,8,2
78,richard,3,1
78,richards,2,1
78,riddle,9,1
78,right,"3,7,8",9
78,risborough,1,1
78,robbed,"1,5",3
78,robins,5,1
78,rogue,5,1
78,roots,1,1
78,rosemary,3,1
78,rough,7,1
78,roundabout,3,1
78,royal,3,1
78,rubber,10,1
78,rugger,9,1
78,running,5,1
78,rushmere,5,1
78,rushrnere,5,1
78,rushworth,5,1
78,saddened,3,1
78,safari,5,1
78,safety,6,1
78,sails,9,1
78,sales,"3,5,8,9,10",6
78,sally,"3,4",4
78,saturday,3,1
78,scarcity,10,1
78,scarff,5,1
78,scene,"5,10",4
78,school,4,1
78,schoolchildren,4,1
78,schools,8,1
78,schooner,9,1
78,schooners,9,1
78,scottie,6,1
78,seafield,4,1
78,seals,10,1
78,searching,5,1
78,second,"3,5",3
78,secretary,3,1
78,section,7,1
78,seemed,3,1
78,seems,6,1
78,selection,4,2
78,selsey,5,1
78,senses,5,1
78,separate,7,2
78,september,"3,5",2
78,serendipity,5,1
78,series,"2,5,6,7,8,9",8
78,served,8,1
78,services,8,1
78,several,"5,6,7,9,10",6
78,shall,1,1
78,shape,"8,9",2
78,share,5,1
78,shared,1,1
78,sharing,9,1
78,sharp,7,1
78,shelves,5,1
78,ships,8,1
78,shops,"8,10",3
78,should,1,1
78,showed,7,1
78,showing,2,1
78,shown,6,1
78,shows,9,1
78,signature,"9,10",2
78,signatures,10,1
78,signed,"1,3,10",4
78,silver,10,1
78,since,"3,8",2
78,sincerely,9,1
78,single,6,1
78,sites,10,1
78,sitting,"6,7",2
78,slater,5,1
78,slight,9,1
78,slogan,9,1
78,small,"3,5,6",3
78,smoking,7,1
78,snippets,4,1
78,social,8,1
78,society,3,1
78,solve,9,1
78,solved,5,1
78,solving,9,1
78,someone,7,1
78,something,8,1
78,sometimes,9,1
78,sopieces,2,1
78,sorted,7,2
78,south,7,1
78,southbound,3,1
78,southern,10,1
78,southington,1,1
78,souvenirs,10,1
78,sovereigns,2,1
78,spain,4,1
78,spare,6,1
78,spared,5,1
78,speaking,"8,9",2
78,special,"3,6,9",3
78,specialists,3,1
78,specific,6,1
78,spells,5,1
78,spend,7,1
78,spent,7,1
78,spilsbury,4,2
78,spotted,7,1
78,staff,4,1
78,stage,5,1
78,stamford,5,1
78,stamped,10,1
78,stand,6,1
78,standing,3,1
78,stands,9,1
78,start,7,1
78,started,7,2
78,state,8,1
78,stated,6,1
78,states,10,3
78,stepped,3,1
78,sterling,5,1
78,steve,1,1
78,stiff,10,1
78,still,"4,10",2
78,stockings,9,1
78,stokes,2,1
78,straight,7,1
78,strange,2,1
78,strathcona,9,5
78,street,3,1
78,strikes,5,1
78,strings,2,3
78,strips,9,1
78,students,6,1
78,studied,10,1
78,study,6,1
78,sturdy,10,1
78,subject,9,1
78,subjects,5,1
78,successful,4,1
78,successfully,8,1
78,sudden,3,1
78,suddenly,5,1
78,sudoku,7,1
78,suffer,7,1
78,suggested,4,1
78,suggests,10,1
78,sulman,5,1
78,summer,9,1
78,sunshine,5,1
78,supplied,10,1
78,support,"1,9",2
78,supporters,"9,10",2
78,surplus,5,1
78,surprisingly,5,1
78,sussex,5,1
78,sympathy,3,1
78,table,3,1
78,tables,5,1
78,tailwagger,6,1
78,taken,"5,7",2
78,taking,9,1
78,talented,"1,6",2
78,tales,6,1
78,talks,3,1
78,tavern,10,2
78,teaching,4,1
78,teens,2,1
78,telling,9,1
78,tells,6,1
78,tempted,7,1
78,terrarum,7,2
78,textiles,9,1
78,thank,"1,3,4,6",4
78,thanks,"4,5,6",4
78,their,"1,4,5,6,8,9",8
78,theme,"3,5",2
78,themes,10,1
78,themselves,7,1
78,there,"3,5,6,7",9
78,these,"5,6,7,9,10",8
78,think,6,1
78,third,3,1
78,those,"1,3,5,7,8",6
78,though,1,1
78,thought,7,1
78,three,"1,9",2
78,thrilled,6,1
78,through,"7,9",2
78,throughout,"3,5,8",3
78,times,7,1
78,titles,9,1
78,today,"6,8,10",3
78,together,"1,7,8,9",10
78,torrential,5,1
78,totius,7,1
78,tours,9,1
78,towards,"3,9",2
78,tower,7,1
78,trademark,6,1
78,traditional,7,1
78,tragic,1,1
78,trains,2,1
78,translates,8,1
78,translucent,10,1
78,travel,6,1
78,treasures,5,1
78,trees,10,1
78,trelawne,1,1
78,trepidation,7,1
78,tribute,"1,7",2
78,tricia,5,1
78,tried,7,1
78,tropical,7,1
78,tugging,2,1
78,turned,"2,5,8",3
78,turner,5,2
78,tyler,"1,3,5,6",7
78,typed,10,1
78,typical,10,1
78,tyres,5,1
78,ukreynolds,7,1
78,uncle,8,1
78,unconsciously,1,1
78,under,"3,7,9",3
78,unforeseen,3,1
78,united,10,3
78,universal,9,1
78,unloading,5,1
78,unsold,10,1
78,until,"3,4,5",3
78,using,3,1
78,usual,"1,5,10",3
78,uzzle,8,1
78,valentines,6,1
78,valley,"2,5",5
78,valuable,6,1
78,variety,"9,10",2
78,various,"3,10",2
78,vegetables,3,1
78,venture,"9,10",2
78,vermont,10,1
78,veterinary,6,1
78,vicar,3,1
78,village,3,1
78,visit,5,1
78,visited,8,1
78,visscher,7,2
78,waddington,7,1
78,waddingtons,5,2
78,waist,7,1
78,wallis,6,1
78,wants,5,1
78,water,3,2
78,waterfall,7,1
78,website,4,1
78,weekend,"1,3",2
78,weekly,9,1
78,weeks,"3,6",2
78,welcome,"1,3,5",4
78,whales,10,1
78,wheels,5,1
78,where,1,1
78,whereas,7,1
78,whether,2,2
78,which,"3,4,5,6,7,8,9",17
78,while,5,1
78,whilst,"2,6",2
78,white,"2,5,10",3
78,whitear,5,1
78,whitmore,5,1
78,whole,7,1
78,wholesale,8,1
78,whose,"8,9",2
78,wilfred,"8,9,10",8
78,wilfrid,8,1
78,william,6,1
78,williams,"2,3,6,8",6
78,willing,7,1
78,wilson,5,1
78,winsome,6,1
78,winter,9,3
78,wishing,"5,7",2
78,wisley,3,1
78,wooden,"4,5,7",5
78,wording,6,1
78,words,5,1
78,worked,5,1
78,worker,8,1
78,workers,9,1
78,workforce,3,1
78,working,"3,10",2
78,world,"6,7,8,9",7
78,worsfold,7,1
78,would,"6,7,9",6
78,wound,10,1
78,write,5,1
78,wymondham,3,1
78,years,"1,2,4,6,10",8
78,yellow,7,2
78,yielded,7,1
78,yorkshire,3,1
78,young,"2,4",2
78,younger,6,2
78,youngsters,4,2
78,yourself,7,1
